DateKey,Date,Day,Month,MonthShort,MonthNo,Quarter,Year
20190101,2019-01-01,Tue,January,Jan,1,1,2019
20190102,2019-01-02,Wed,January,Jan,1,1,2019
20190103,2019-01-03,Thu,January,Jan,1,1,2019
20190104,2019-01-04,Fri,January,Jan,1,1,2019
20190105,2019-01-05,Sat,January,Jan,1,1,2019
20190106,2019-01-06,Sun,January,Jan,1,1,2019
20190107,2019-01-07,Mon,January,Jan,1,1,2019
20190108,2019-01-08,Tue,January,Jan,1,1,2019
20190109,2019-01-09,Wed,January,Jan,1,1,2019
20190110,2019-01-10,Thu,January,Jan,1,1,2019
20190111,2019-01-11,Fri,January,Jan,1,1,2019
20190112,2019-01-12,Sat,January,Jan,1,1,2019
20190113,2019-01-13,Sun,January,Jan,1,1,2019
20190114,2019-01-14,Mon,January,Jan,1,1,2019
20190115,2019-01-15,Tue,January,Jan,1,1,2019
20190116,2019-01-16,Wed,January,Jan,1,1,2019
20190117,2019-01-17,Thu,January,Jan,1,1,2019
20190118,2019-01-18,Fri,January,Jan,1,1,2019
20190119,2019-01-19,Sat,January,Jan,1,1,2019
20190120,2019-01-20,Sun,January,Jan,1,1,2019
20190121,2019-01-21,Mon,January,Jan,1,1,2019
20190122,2019-01-22,Tue,January,Jan,1,1,2019
20190123,2019-01-23,Wed,January,Jan,1,1,2019
20190124,2019-01-24,Thu,January,Jan,1,1,2019
20190125,2019-01-25,Fri,January,Jan,1,1,2019
20190126,2019-01-26,Sat,January,Jan,1,1,2019
20190127,2019-01-27,Sun,January,Jan,1,1,2019
20190128,2019-01-28,Mon,January,Jan,1,1,2019
20190129,2019-01-29,Tue,January,Jan,1,1,2019
20190130,2019-01-30,Wed,January,Jan,1,1,2019
20190131,2019-01-31,Thu,January,Jan,1,1,2019
20190201,2019-02-01,Fri,February,Feb,2,1,2019
20190202,2019-02-02,Sat,February,Feb,2,1,2019
20190203,2019-02-03,Sun,February,Feb,2,1,2019
20190204,2019-02-04,Mon,February,Feb,2,1,2019
20190205,2019-02-05,Tue,February,Feb,2,1,2019
20190206,2019-02-06,Wed,February,Feb,2,1,2019
20190207,2019-02-07,Thu,February,Feb,2,1,2019
20190208,2019-02-08,Fri,February,Feb,2,1,2019
20190209,2019-02-09,Sat,February,Feb,2,1,2019
20190210,2019-02-10,Sun,February,Feb,2,1,2019
20190211,2019-02-11,Mon,February,Feb,2,1,2019
20190212,2019-02-12,Tue,February,Feb,2,1,2019
20190213,2019-02-13,Wed,February,Feb,2,1,2019
20190214,2019-02-14,Thu,February,Feb,2,1,2019
20190215,2019-02-15,Fri,February,Feb,2,1,2019
20190216,2019-02-16,Sat,February,Feb,2,1,2019
20190217,2019-02-17,Sun,February,Feb,2,1,2019
20190218,2019-02-18,Mon,February,Feb,2,1,2019
20190219,2019-02-19,Tue,February,Feb,2,1,2019
20190220,2019-02-20,Wed,February,Feb,2,1,2019
20190221,2019-02-21,Thu,February,Feb,2,1,2019
20190222,2019-02-22,Fri,February,Feb,2,1,2019
20190223,2019-02-23,Sat,February,Feb,2,1,2019
20190224,2019-02-24,Sun,February,Feb,2,1,2019
20190225,2019-02-25,Mon,February,Feb,2,1,2019
20190226,2019-02-26,Tue,February,Feb,2,1,2019
20190227,2019-02-27,Wed,February,Feb,2,1,2019
20190228,2019-02-28,Thu,February,Feb,2,1,2019
20190301,2019-03-01,Fri,March,Mar,3,1,2019
20190302,2019-03-02,Sat,March,Mar,3,1,2019
20190303,2019-03-03,Sun,March,Mar,3,1,2019
20190304,2019-03-04,Mon,March,Mar,3,1,2019
20190305,2019-03-05,Tue,March,Mar,3,1,2019
20190306,2019-03-06,Wed,March,Mar,3,1,2019
20190307,2019-03-07,Thu,March,Mar,3,1,2019
20190308,2019-03-08,Fri,March,Mar,3,1,2019
20190309,2019-03-09,Sat,March,Mar,3,1,2019
20190310,2019-03-10,Sun,March,Mar,3,1,2019
20190311,2019-03-11,Mon,March,Mar,3,1,2019
20190312,2019-03-12,Tue,March,Mar,3,1,2019
20190313,2019-03-13,Wed,March,Mar,3,1,2019
20190314,2019-03-14,Thu,March,Mar,3,1,2019
20190315,2019-03-15,Fri,March,Mar,3,1,2019
20190316,2019-03-16,Sat,March,Mar,3,1,2019
20190317,2019-03-17,Sun,March,Mar,3,1,2019
20190318,2019-03-18,Mon,March,Mar,3,1,2019
20190319,2019-03-19,Tue,March,Mar,3,1,2019
20190320,2019-03-20,Wed,March,Mar,3,1,2019
20190321,2019-03-21,Thu,March,Mar,3,1,2019
20190322,2019-03-22,Fri,March,Mar,3,1,2019
20190323,2019-03-23,Sat,March,Mar,3,1,2019
20190324,2019-03-24,Sun,March,Mar,3,1,2019
20190325,2019-03-25,Mon,March,Mar,3,1,2019
20190326,2019-03-26,Tue,March,Mar,3,1,2019
20190327,2019-03-27,Wed,March,Mar,3,1,2019
20190328,2019-03-28,Thu,March,Mar,3,1,2019
20190329,2019-03-29,Fri,March,Mar,3,1,2019
20190330,2019-03-30,Sat,March,Mar,3,1,2019
20190331,2019-03-31,Sun,March,Mar,3,1,2019
20190401,2019-04-01,Mon,April,Apr,4,2,2019
20190402,2019-04-02,Tue,April,Apr,4,2,2019
20190403,2019-04-03,Wed,April,Apr,4,2,2019
20190404,2019-04-04,Thu,April,Apr,4,2,2019
20190405,2019-04-05,Fri,April,Apr,4,2,2019
20190406,2019-04-06,Sat,April,Apr,4,2,2019
20190407,2019-04-07,Sun,April,Apr,4,2,2019
20190408,2019-04-08,Mon,April,Apr,4,2,2019
20190409,2019-04-09,Tue,April,Apr,4,2,2019
20190410,2019-04-10,Wed,April,Apr,4,2,2019
20190411,2019-04-11,Thu,April,Apr,4,2,2019
20190412,2019-04-12,Fri,April,Apr,4,2,2019
20190413,2019-04-13,Sat,April,Apr,4,2,2019
20190414,2019-04-14,Sun,April,Apr,4,2,2019
20190415,2019-04-15,Mon,April,Apr,4,2,2019
20190416,2019-04-16,Tue,April,Apr,4,2,2019
20190417,2019-04-17,Wed,April,Apr,4,2,2019
20190418,2019-04-18,Thu,April,Apr,4,2,2019
20190419,2019-04-19,Fri,April,Apr,4,2,2019
20190420,2019-04-20,Sat,April,Apr,4,2,2019
20190421,2019-04-21,Sun,April,Apr,4,2,2019
20190422,2019-04-22,Mon,April,Apr,4,2,2019
20190423,2019-04-23,Tue,April,Apr,4,2,2019
20190424,2019-04-24,Wed,April,Apr,4,2,2019
20190425,2019-04-25,Thu,April,Apr,4,2,2019
20190426,2019-04-26,Fri,April,Apr,4,2,2019
20190427,2019-04-27,Sat,April,Apr,4,2,2019
20190428,2019-04-28,Sun,April,Apr,4,2,2019
20190429,2019-04-29,Mon,April,Apr,4,2,2019
20190430,2019-04-30,Tue,April,Apr,4,2,2019
20190501,2019-05-01,Wed,May,May,5,2,2019
20190502,2019-05-02,Thu,May,May,5,2,2019
20190503,2019-05-03,Fri,May,May,5,2,2019
20190504,2019-05-04,Sat,May,May,5,2,2019
20190505,2019-05-05,Sun,May,May,5,2,2019
20190506,2019-05-06,Mon,May,May,5,2,2019
20190507,2019-05-07,Tue,May,May,5,2,2019
20190508,2019-05-08,Wed,May,May,5,2,2019
20190509,2019-05-09,Thu,May,May,5,2,2019
20190510,2019-05-10,Fri,May,May,5,2,2019
20190511,2019-05-11,Sat,May,May,5,2,2019
20190512,2019-05-12,Sun,May,May,5,2,2019
20190513,2019-05-13,Mon,May,May,5,2,2019
20190514,2019-05-14,Tue,May,May,5,2,2019
20190515,2019-05-15,Wed,May,May,5,2,2019
20190516,2019-05-16,Thu,May,May,5,2,2019
20190517,2019-05-17,Fri,May,May,5,2,2019
20190518,2019-05-18,Sat,May,May,5,2,2019
20190519,2019-05-19,Sun,May,May,5,2,2019
20190520,2019-05-20,Mon,May,May,5,2,2019
20190521,2019-05-21,Tue,May,May,5,2,2019
20190522,2019-05-22,Wed,May,May,5,2,2019
20190523,2019-05-23,Thu,May,May,5,2,2019
20190524,2019-05-24,Fri,May,May,5,2,2019
20190525,2019-05-25,Sat,May,May,5,2,2019
20190526,2019-05-26,Sun,May,May,5,2,2019
20190527,2019-05-27,Mon,May,May,5,2,2019
20190528,2019-05-28,Tue,May,May,5,2,2019
20190529,2019-05-29,Wed,May,May,5,2,2019
20190530,2019-05-30,Thu,May,May,5,2,2019
20190531,2019-05-31,Fri,May,May,5,2,2019
20190601,2019-06-01,Sat,June,Jun,6,2,2019
20190602,2019-06-02,Sun,June,Jun,6,2,2019
20190603,2019-06-03,Mon,June,Jun,6,2,2019
20190604,2019-06-04,Tue,June,Jun,6,2,2019
20190605,2019-06-05,Wed,June,Jun,6,2,2019
20190606,2019-06-06,Thu,June,Jun,6,2,2019
20190607,2019-06-07,Fri,June,Jun,6,2,2019
20190608,2019-06-08,Sat,June,Jun,6,2,2019
20190609,2019-06-09,Sun,June,Jun,6,2,2019
20190610,2019-06-10,Mon,June,Jun,6,2,2019
20190611,2019-06-11,Tue,June,Jun,6,2,2019
20190612,2019-06-12,Wed,June,Jun,6,2,2019
20190613,2019-06-13,Thu,June,Jun,6,2,2019
20190614,2019-06-14,Fri,June,Jun,6,2,2019
20190615,2019-06-15,Sat,June,Jun,6,2,2019
20190616,2019-06-16,Sun,June,Jun,6,2,2019
20190617,2019-06-17,Mon,June,Jun,6,2,2019
20190618,2019-06-18,Tue,June,Jun,6,2,2019
20190619,2019-06-19,Wed,June,Jun,6,2,2019
20190620,2019-06-20,Thu,June,Jun,6,2,2019
20190621,2019-06-21,Fri,June,Jun,6,2,2019
20190622,2019-06-22,Sat,June,Jun,6,2,2019
20190623,2019-06-23,Sun,June,Jun,6,2,2019
20190624,2019-06-24,Mon,June,Jun,6,2,2019
20190625,2019-06-25,Tue,June,Jun,6,2,2019
20190626,2019-06-26,Wed,June,Jun,6,2,2019
20190627,2019-06-27,Thu,June,Jun,6,2,2019
20190628,2019-06-28,Fri,June,Jun,6,2,2019
20190629,2019-06-29,Sat,June,Jun,6,2,2019
20190630,2019-06-30,Sun,June,Jun,6,2,2019
20190701,2019-07-01,Mon,July,Jul,7,3,2019
20190702,2019-07-02,Tue,July,Jul,7,3,2019
20190703,2019-07-03,Wed,July,Jul,7,3,2019
20190704,2019-07-04,Thu,July,Jul,7,3,2019
20190705,2019-07-05,Fri,July,Jul,7,3,2019
20190706,2019-07-06,Sat,July,Jul,7,3,2019
20190707,2019-07-07,Sun,July,Jul,7,3,2019
20190708,2019-07-08,Mon,July,Jul,7,3,2019
20190709,2019-07-09,Tue,July,Jul,7,3,2019
20190710,2019-07-10,Wed,July,Jul,7,3,2019
20190711,2019-07-11,Thu,July,Jul,7,3,2019
20190712,2019-07-12,Fri,July,Jul,7,3,2019
20190713,2019-07-13,Sat,July,Jul,7,3,2019
20190714,2019-07-14,Sun,July,Jul,7,3,2019
20190715,2019-07-15,Mon,July,Jul,7,3,2019
20190716,2019-07-16,Tue,July,Jul,7,3,2019
20190717,2019-07-17,Wed,July,Jul,7,3,2019
20190718,2019-07-18,Thu,July,Jul,7,3,2019
20190719,2019-07-19,Fri,July,Jul,7,3,2019
20190720,2019-07-20,Sat,July,Jul,7,3,2019
20190721,2019-07-21,Sun,July,Jul,7,3,2019
20190722,2019-07-22,Mon,July,Jul,7,3,2019
20190723,2019-07-23,Tue,July,Jul,7,3,2019
20190724,2019-07-24,Wed,July,Jul,7,3,2019
20190725,2019-07-25,Thu,July,Jul,7,3,2019
20190726,2019-07-26,Fri,July,Jul,7,3,2019
20190727,2019-07-27,Sat,July,Jul,7,3,2019
20190728,2019-07-28,Sun,July,Jul,7,3,2019
20190729,2019-07-29,Mon,July,Jul,7,3,2019
20190730,2019-07-30,Tue,July,Jul,7,3,2019
20190731,2019-07-31,Wed,July,Jul,7,3,2019
20190801,2019-08-01,Thu,August,Aug,8,3,2019
20190802,2019-08-02,Fri,August,Aug,8,3,2019
20190803,2019-08-03,Sat,August,Aug,8,3,2019
20190804,2019-08-04,Sun,August,Aug,8,3,2019
20190805,2019-08-05,Mon,August,Aug,8,3,2019
20190806,2019-08-06,Tue,August,Aug,8,3,2019
20190807,2019-08-07,Wed,August,Aug,8,3,2019
20190808,2019-08-08,Thu,August,Aug,8,3,2019
20190809,2019-08-09,Fri,August,Aug,8,3,2019
20190810,2019-08-10,Sat,August,Aug,8,3,2019
20190811,2019-08-11,Sun,August,Aug,8,3,2019
20190812,2019-08-12,Mon,August,Aug,8,3,2019
20190813,2019-08-13,Tue,August,Aug,8,3,2019
20190814,2019-08-14,Wed,August,Aug,8,3,2019
20190815,2019-08-15,Thu,August,Aug,8,3,2019
20190816,2019-08-16,Fri,August,Aug,8,3,2019
20190817,2019-08-17,Sat,August,Aug,8,3,2019
20190818,2019-08-18,Sun,August,Aug,8,3,2019
20190819,2019-08-19,Mon,August,Aug,8,3,2019
20190820,2019-08-20,Tue,August,Aug,8,3,2019
20190821,2019-08-21,Wed,August,Aug,8,3,2019
20190822,2019-08-22,Thu,August,Aug,8,3,2019
20190823,2019-08-23,Fri,August,Aug,8,3,2019
20190824,2019-08-24,Sat,August,Aug,8,3,2019
20190825,2019-08-25,Sun,August,Aug,8,3,2019
20190826,2019-08-26,Mon,August,Aug,8,3,2019
20190827,2019-08-27,Tue,August,Aug,8,3,2019
20190828,2019-08-28,Wed,August,Aug,8,3,2019
20190829,2019-08-29,Thu,August,Aug,8,3,2019
20190830,2019-08-30,Fri,August,Aug,8,3,2019
20190831,2019-08-31,Sat,August,Aug,8,3,2019
20190901,2019-09-01,Sun,September,Sep,9,3,2019
20190902,2019-09-02,Mon,September,Sep,9,3,2019
20190903,2019-09-03,Tue,September,Sep,9,3,2019
20190904,2019-09-04,Wed,September,Sep,9,3,2019
20190905,2019-09-05,Thu,September,Sep,9,3,2019
20190906,2019-09-06,Fri,September,Sep,9,3,2019
20190907,2019-09-07,Sat,September,Sep,9,3,2019
20190908,2019-09-08,Sun,September,Sep,9,3,2019
20190909,2019-09-09,Mon,September,Sep,9,3,2019
20190910,2019-09-10,Tue,September,Sep,9,3,2019
20190911,2019-09-11,Wed,September,Sep,9,3,2019
20190912,2019-09-12,Thu,September,Sep,9,3,2019
20190913,2019-09-13,Fri,September,Sep,9,3,2019
20190914,2019-09-14,Sat,September,Sep,9,3,2019
20190915,2019-09-15,Sun,September,Sep,9,3,2019
20190916,2019-09-16,Mon,September,Sep,9,3,2019
20190917,2019-09-17,Tue,September,Sep,9,3,2019
20190918,2019-09-18,Wed,September,Sep,9,3,2019
20190919,2019-09-19,Thu,September,Sep,9,3,2019
20190920,2019-09-20,Fri,September,Sep,9,3,2019
20190921,2019-09-21,Sat,September,Sep,9,3,2019
20190922,2019-09-22,Sun,September,Sep,9,3,2019
20190923,2019-09-23,Mon,September,Sep,9,3,2019
20190924,2019-09-24,Tue,September,Sep,9,3,2019
20190925,2019-09-25,Wed,September,Sep,9,3,2019
20190926,2019-09-26,Thu,September,Sep,9,3,2019
20190927,2019-09-27,Fri,September,Sep,9,3,2019
20190928,2019-09-28,Sat,September,Sep,9,3,2019
20190929,2019-09-29,Sun,September,Sep,9,3,2019
20190930,2019-09-30,Mon,September,Sep,9,3,2019
20191001,2019-10-01,Tue,October,Oct,10,4,2019
20191002,2019-10-02,Wed,October,Oct,10,4,2019
20191003,2019-10-03,Thu,October,Oct,10,4,2019
20191004,2019-10-04,Fri,October,Oct,10,4,2019
20191005,2019-10-05,Sat,October,Oct,10,4,2019
20191006,2019-10-06,Sun,October,Oct,10,4,2019
20191007,2019-10-07,Mon,October,Oct,10,4,2019
20191008,2019-10-08,Tue,October,Oct,10,4,2019
20191009,2019-10-09,Wed,October,Oct,10,4,2019
20191010,2019-10-10,Thu,October,Oct,10,4,2019
20191011,2019-10-11,Fri,October,Oct,10,4,2019
20191012,2019-10-12,Sat,October,Oct,10,4,2019
20191013,2019-10-13,Sun,October,Oct,10,4,2019
20191014,2019-10-14,Mon,October,Oct,10,4,2019
20191015,2019-10-15,Tue,October,Oct,10,4,2019
20191016,2019-10-16,Wed,October,Oct,10,4,2019
20191017,2019-10-17,Thu,October,Oct,10,4,2019
20191018,2019-10-18,Fri,October,Oct,10,4,2019
20191019,2019-10-19,Sat,October,Oct,10,4,2019
20191020,2019-10-20,Sun,October,Oct,10,4,2019
20191021,2019-10-21,Mon,October,Oct,10,4,2019
20191022,2019-10-22,Tue,October,Oct,10,4,2019
20191023,2019-10-23,Wed,October,Oct,10,4,2019
20191024,2019-10-24,Thu,October,Oct,10,4,2019
20191025,2019-10-25,Fri,October,Oct,10,4,2019
20191026,2019-10-26,Sat,October,Oct,10,4,2019
20191027,2019-10-27,Sun,October,Oct,10,4,2019
20191028,2019-10-28,Mon,October,Oct,10,4,2019
20191029,2019-10-29,Tue,October,Oct,10,4,2019
20191030,2019-10-30,Wed,October,Oct,10,4,2019
20191031,2019-10-31,Thu,October,Oct,10,4,2019
20191101,2019-11-01,Fri,November,Nov,11,4,2019
20191102,2019-11-02,Sat,November,Nov,11,4,2019
20191103,2019-11-03,Sun,November,Nov,11,4,2019
20191104,2019-11-04,Mon,November,Nov,11,4,2019
20191105,2019-11-05,Tue,November,Nov,11,4,2019
20191106,2019-11-06,Wed,November,Nov,11,4,2019
20191107,2019-11-07,Thu,November,Nov,11,4,2019
20191108,2019-11-08,Fri,November,Nov,11,4,2019
20191109,2019-11-09,Sat,November,Nov,11,4,2019
20191110,2019-11-10,Sun,November,Nov,11,4,2019
20191111,2019-11-11,Mon,November,Nov,11,4,2019
20191112,2019-11-12,Tue,November,Nov,11,4,2019
20191113,2019-11-13,Wed,November,Nov,11,4,2019
20191114,2019-11-14,Thu,November,Nov,11,4,2019
20191115,2019-11-15,Fri,November,Nov,11,4,2019
20191116,2019-11-16,Sat,November,Nov,11,4,2019
20191117,2019-11-17,Sun,November,Nov,11,4,2019
20191118,2019-11-18,Mon,November,Nov,11,4,2019
20191119,2019-11-19,Tue,November,Nov,11,4,2019
20191120,2019-11-20,Wed,November,Nov,11,4,2019
20191121,2019-11-21,Thu,November,Nov,11,4,2019
20191122,2019-11-22,Fri,November,Nov,11,4,2019
20191123,2019-11-23,Sat,November,Nov,11,4,2019
20191124,2019-11-24,Sun,November,Nov,11,4,2019
20191125,2019-11-25,Mon,November,Nov,11,4,2019
20191126,2019-11-26,Tue,November,Nov,11,4,2019
20191127,2019-11-27,Wed,November,Nov,11,4,2019
20191128,2019-11-28,Thu,November,Nov,11,4,2019
20191129,2019-11-29,Fri,November,Nov,11,4,2019
20191130,2019-11-30,Sat,November,Nov,11,4,2019
20191201,2019-12-01,Sun,December,Dec,12,4,2019
20191202,2019-12-02,Mon,December,Dec,12,4,2019
20191203,2019-12-03,Tue,December,Dec,12,4,2019
20191204,2019-12-04,Wed,December,Dec,12,4,2019
20191205,2019-12-05,Thu,December,Dec,12,4,2019
20191206,2019-12-06,Fri,December,Dec,12,4,2019
20191207,2019-12-07,Sat,December,Dec,12,4,2019
20191208,2019-12-08,Sun,December,Dec,12,4,2019
20191209,2019-12-09,Mon,December,Dec,12,4,2019
20191210,2019-12-10,Tue,December,Dec,12,4,2019
20191211,2019-12-11,Wed,December,Dec,12,4,2019
20191212,2019-12-12,Thu,December,Dec,12,4,2019
20191213,2019-12-13,Fri,December,Dec,12,4,2019
20191214,2019-12-14,Sat,December,Dec,12,4,2019
20191215,2019-12-15,Sun,December,Dec,12,4,2019
20191216,2019-12-16,Mon,December,Dec,12,4,2019
20191217,2019-12-17,Tue,December,Dec,12,4,2019
20191218,2019-12-18,Wed,December,Dec,12,4,2019
20191219,2019-12-19,Thu,December,Dec,12,4,2019
20191220,2019-12-20,Fri,December,Dec,12,4,2019
20191221,2019-12-21,Sat,December,Dec,12,4,2019
20191222,2019-12-22,Sun,December,Dec,12,4,2019
20191223,2019-12-23,Mon,December,Dec,12,4,2019
20191224,2019-12-24,Tue,December,Dec,12,4,2019
20191225,2019-12-25,Wed,December,Dec,12,4,2019
20191226,2019-12-26,Thu,December,Dec,12,4,2019
20191227,2019-12-27,Fri,December,Dec,12,4,2019
20191228,2019-12-28,Sat,December,Dec,12,4,2019
20191229,2019-12-29,Sun,December,Dec,12,4,2019
20191230,2019-12-30,Mon,December,Dec,12,4,2019
20191231,2019-12-31,Tue,December,Dec,12,4,2019
20200101,2020-01-01,Wed,January,Jan,1,1,2020
20200102,2020-01-02,Thu,January,Jan,1,1,2020
20200103,2020-01-03,Fri,January,Jan,1,1,2020
20200104,2020-01-04,Sat,January,Jan,1,1,2020
20200105,2020-01-05,Sun,January,Jan,1,1,2020
20200106,2020-01-06,Mon,January,Jan,1,1,2020
20200107,2020-01-07,Tue,January,Jan,1,1,2020
20200108,2020-01-08,Wed,January,Jan,1,1,2020
20200109,2020-01-09,Thu,January,Jan,1,1,2020
20200110,2020-01-10,Fri,January,Jan,1,1,2020
20200111,2020-01-11,Sat,January,Jan,1,1,2020
20200112,2020-01-12,Sun,January,Jan,1,1,2020
20200113,2020-01-13,Mon,January,Jan,1,1,2020
20200114,2020-01-14,Tue,January,Jan,1,1,2020
20200115,2020-01-15,Wed,January,Jan,1,1,2020
20200116,2020-01-16,Thu,January,Jan,1,1,2020
20200117,2020-01-17,Fri,January,Jan,1,1,2020
20200118,2020-01-18,Sat,January,Jan,1,1,2020
20200119,2020-01-19,Sun,January,Jan,1,1,2020
20200120,2020-01-20,Mon,January,Jan,1,1,2020
20200121,2020-01-21,Tue,January,Jan,1,1,2020
20200122,2020-01-22,Wed,January,Jan,1,1,2020
20200123,2020-01-23,Thu,January,Jan,1,1,2020
20200124,2020-01-24,Fri,January,Jan,1,1,2020
20200125,2020-01-25,Sat,January,Jan,1,1,2020
20200126,2020-01-26,Sun,January,Jan,1,1,2020
20200127,2020-01-27,Mon,January,Jan,1,1,2020
20200128,2020-01-28,Tue,January,Jan,1,1,2020
20200129,2020-01-29,Wed,January,Jan,1,1,2020
20200130,2020-01-30,Thu,January,Jan,1,1,2020
20200131,2020-01-31,Fri,January,Jan,1,1,2020
20200201,2020-02-01,Sat,February,Feb,2,1,2020
20200202,2020-02-02,Sun,February,Feb,2,1,2020
20200203,2020-02-03,Mon,February,Feb,2,1,2020
20200204,2020-02-04,Tue,February,Feb,2,1,2020
20200205,2020-02-05,Wed,February,Feb,2,1,2020
20200206,2020-02-06,Thu,February,Feb,2,1,2020
20200207,2020-02-07,Fri,February,Feb,2,1,2020
20200208,2020-02-08,Sat,February,Feb,2,1,2020
20200209,2020-02-09,Sun,February,Feb,2,1,2020
20200210,2020-02-10,Mon,February,Feb,2,1,2020
20200211,2020-02-11,Tue,February,Feb,2,1,2020
20200212,2020-02-12,Wed,February,Feb,2,1,2020
20200213,2020-02-13,Thu,February,Feb,2,1,2020
20200214,2020-02-14,Fri,February,Feb,2,1,2020
20200215,2020-02-15,Sat,February,Feb,2,1,2020
20200216,2020-02-16,Sun,February,Feb,2,1,2020
20200217,2020-02-17,Mon,February,Feb,2,1,2020
20200218,2020-02-18,Tue,February,Feb,2,1,2020
20200219,2020-02-19,Wed,February,Feb,2,1,2020
20200220,2020-02-20,Thu,February,Feb,2,1,2020
20200221,2020-02-21,Fri,February,Feb,2,1,2020
20200222,2020-02-22,Sat,February,Feb,2,1,2020
20200223,2020-02-23,Sun,February,Feb,2,1,2020
20200224,2020-02-24,Mon,February,Feb,2,1,2020
20200225,2020-02-25,Tue,February,Feb,2,1,2020
20200226,2020-02-26,Wed,February,Feb,2,1,2020
20200227,2020-02-27,Thu,February,Feb,2,1,2020
20200228,2020-02-28,Fri,February,Feb,2,1,2020
20200229,2020-02-29,Sat,February,Feb,2,1,2020
20200301,2020-03-01,Sun,March,Mar,3,1,2020
20200302,2020-03-02,Mon,March,Mar,3,1,2020
20200303,2020-03-03,Tue,March,Mar,3,1,2020
20200304,2020-03-04,Wed,March,Mar,3,1,2020
20200305,2020-03-05,Thu,March,Mar,3,1,2020
20200306,2020-03-06,Fri,March,Mar,3,1,2020
20200307,2020-03-07,Sat,March,Mar,3,1,2020
20200308,2020-03-08,Sun,March,Mar,3,1,2020
20200309,2020-03-09,Mon,March,Mar,3,1,2020
20200310,2020-03-10,Tue,March,Mar,3,1,2020
20200311,2020-03-11,Wed,March,Mar,3,1,2020
20200312,2020-03-12,Thu,March,Mar,3,1,2020
20200313,2020-03-13,Fri,March,Mar,3,1,2020
20200314,2020-03-14,Sat,March,Mar,3,1,2020
20200315,2020-03-15,Sun,March,Mar,3,1,2020
20200316,2020-03-16,Mon,March,Mar,3,1,2020
20200317,2020-03-17,Tue,March,Mar,3,1,2020
20200318,2020-03-18,Wed,March,Mar,3,1,2020
20200319,2020-03-19,Thu,March,Mar,3,1,2020
20200320,2020-03-20,Fri,March,Mar,3,1,2020
20200321,2020-03-21,Sat,March,Mar,3,1,2020
20200322,2020-03-22,Sun,March,Mar,3,1,2020
20200323,2020-03-23,Mon,March,Mar,3,1,2020
20200324,2020-03-24,Tue,March,Mar,3,1,2020
20200325,2020-03-25,Wed,March,Mar,3,1,2020
20200326,2020-03-26,Thu,March,Mar,3,1,2020
20200327,2020-03-27,Fri,March,Mar,3,1,2020
20200328,2020-03-28,Sat,March,Mar,3,1,2020
20200329,2020-03-29,Sun,March,Mar,3,1,2020
20200330,2020-03-30,Mon,March,Mar,3,1,2020
20200331,2020-03-31,Tue,March,Mar,3,1,2020
20200401,2020-04-01,Wed,April,Apr,4,2,2020
20200402,2020-04-02,Thu,April,Apr,4,2,2020
20200403,2020-04-03,Fri,April,Apr,4,2,2020
20200404,2020-04-04,Sat,April,Apr,4,2,2020
20200405,2020-04-05,Sun,April,Apr,4,2,2020
20200406,2020-04-06,Mon,April,Apr,4,2,2020
20200407,2020-04-07,Tue,April,Apr,4,2,2020
20200408,2020-04-08,Wed,April,Apr,4,2,2020
20200409,2020-04-09,Thu,April,Apr,4,2,2020
20200410,2020-04-10,Fri,April,Apr,4,2,2020
20200411,2020-04-11,Sat,April,Apr,4,2,2020
20200412,2020-04-12,Sun,April,Apr,4,2,2020
20200413,2020-04-13,Mon,April,Apr,4,2,2020
20200414,2020-04-14,Tue,April,Apr,4,2,2020
20200415,2020-04-15,Wed,April,Apr,4,2,2020
20200416,2020-04-16,Thu,April,Apr,4,2,2020
20200417,2020-04-17,Fri,April,Apr,4,2,2020
20200418,2020-04-18,Sat,April,Apr,4,2,2020
20200419,2020-04-19,Sun,April,Apr,4,2,2020
20200420,2020-04-20,Mon,April,Apr,4,2,2020
20200421,2020-04-21,Tue,April,Apr,4,2,2020
20200422,2020-04-22,Wed,April,Apr,4,2,2020
20200423,2020-04-23,Thu,April,Apr,4,2,2020
20200424,2020-04-24,Fri,April,Apr,4,2,2020
20200425,2020-04-25,Sat,April,Apr,4,2,2020
20200426,2020-04-26,Sun,April,Apr,4,2,2020
20200427,2020-04-27,Mon,April,Apr,4,2,2020
20200428,2020-04-28,Tue,April,Apr,4,2,2020
20200429,2020-04-29,Wed,April,Apr,4,2,2020
20200430,2020-04-30,Thu,April,Apr,4,2,2020
20200501,2020-05-01,Fri,May,May,5,2,2020
20200502,2020-05-02,Sat,May,May,5,2,2020
20200503,2020-05-03,Sun,May,May,5,2,2020
20200504,2020-05-04,Mon,May,May,5,2,2020
20200505,2020-05-05,Tue,May,May,5,2,2020
20200506,2020-05-06,Wed,May,May,5,2,2020
20200507,2020-05-07,Thu,May,May,5,2,2020
20200508,2020-05-08,Fri,May,May,5,2,2020
20200509,2020-05-09,Sat,May,May,5,2,2020
20200510,2020-05-10,Sun,May,May,5,2,2020
20200511,2020-05-11,Mon,May,May,5,2,2020
20200512,2020-05-12,Tue,May,May,5,2,2020
20200513,2020-05-13,Wed,May,May,5,2,2020
20200514,2020-05-14,Thu,May,May,5,2,2020
20200515,2020-05-15,Fri,May,May,5,2,2020
20200516,2020-05-16,Sat,May,May,5,2,2020
20200517,2020-05-17,Sun,May,May,5,2,2020
20200518,2020-05-18,Mon,May,May,5,2,2020
20200519,2020-05-19,Tue,May,May,5,2,2020
20200520,2020-05-20,Wed,May,May,5,2,2020
20200521,2020-05-21,Thu,May,May,5,2,2020
20200522,2020-05-22,Fri,May,May,5,2,2020
20200523,2020-05-23,Sat,May,May,5,2,2020
20200524,2020-05-24,Sun,May,May,5,2,2020
20200525,2020-05-25,Mon,May,May,5,2,2020
20200526,2020-05-26,Tue,May,May,5,2,2020
20200527,2020-05-27,Wed,May,May,5,2,2020
20200528,2020-05-28,Thu,May,May,5,2,2020
20200529,2020-05-29,Fri,May,May,5,2,2020
20200530,2020-05-30,Sat,May,May,5,2,2020
20200531,2020-05-31,Sun,May,May,5,2,2020
20200601,2020-06-01,Mon,June,Jun,6,2,2020
20200602,2020-06-02,Tue,June,Jun,6,2,2020
20200603,2020-06-03,Wed,June,Jun,6,2,2020
20200604,2020-06-04,Thu,June,Jun,6,2,2020
20200605,2020-06-05,Fri,June,Jun,6,2,2020
20200606,2020-06-06,Sat,June,Jun,6,2,2020
20200607,2020-06-07,Sun,June,Jun,6,2,2020
20200608,2020-06-08,Mon,June,Jun,6,2,2020
20200609,2020-06-09,Tue,June,Jun,6,2,2020
20200610,2020-06-10,Wed,June,Jun,6,2,2020
20200611,2020-06-11,Thu,June,Jun,6,2,2020
20200612,2020-06-12,Fri,June,Jun,6,2,2020
20200613,2020-06-13,Sat,June,Jun,6,2,2020
20200614,2020-06-14,Sun,June,Jun,6,2,2020
20200615,2020-06-15,Mon,June,Jun,6,2,2020
20200616,2020-06-16,Tue,June,Jun,6,2,2020
20200617,2020-06-17,Wed,June,Jun,6,2,2020
20200618,2020-06-18,Thu,June,Jun,6,2,2020
20200619,2020-06-19,Fri,June,Jun,6,2,2020
20200620,2020-06-20,Sat,June,Jun,6,2,2020
20200621,2020-06-21,Sun,June,Jun,6,2,2020
20200622,2020-06-22,Mon,June,Jun,6,2,2020
20200623,2020-06-23,Tue,June,Jun,6,2,2020
20200624,2020-06-24,Wed,June,Jun,6,2,2020
20200625,2020-06-25,Thu,June,Jun,6,2,2020
20200626,2020-06-26,Fri,June,Jun,6,2,2020
20200627,2020-06-27,Sat,June,Jun,6,2,2020
20200628,2020-06-28,Sun,June,Jun,6,2,2020
20200629,2020-06-29,Mon,June,Jun,6,2,2020
20200630,2020-06-30,Tue,June,Jun,6,2,2020
20200701,2020-07-01,Wed,July,Jul,7,3,2020
20200702,2020-07-02,Thu,July,Jul,7,3,2020
20200703,2020-07-03,Fri,July,Jul,7,3,2020
20200704,2020-07-04,Sat,July,Jul,7,3,2020
20200705,2020-07-05,Sun,July,Jul,7,3,2020
20200706,2020-07-06,Mon,July,Jul,7,3,2020
20200707,2020-07-07,Tue,July,Jul,7,3,2020
20200708,2020-07-08,Wed,July,Jul,7,3,2020
20200709,2020-07-09,Thu,July,Jul,7,3,2020
20200710,2020-07-10,Fri,July,Jul,7,3,2020
20200711,2020-07-11,Sat,July,Jul,7,3,2020
20200712,2020-07-12,Sun,July,Jul,7,3,2020
20200713,2020-07-13,Mon,July,Jul,7,3,2020
20200714,2020-07-14,Tue,July,Jul,7,3,2020
20200715,2020-07-15,Wed,July,Jul,7,3,2020
20200716,2020-07-16,Thu,July,Jul,7,3,2020
20200717,2020-07-17,Fri,July,Jul,7,3,2020
20200718,2020-07-18,Sat,July,Jul,7,3,2020
20200719,2020-07-19,Sun,July,Jul,7,3,2020
20200720,2020-07-20,Mon,July,Jul,7,3,2020
20200721,2020-07-21,Tue,July,Jul,7,3,2020
20200722,2020-07-22,Wed,July,Jul,7,3,2020
20200723,2020-07-23,Thu,July,Jul,7,3,2020
20200724,2020-07-24,Fri,July,Jul,7,3,2020
20200725,2020-07-25,Sat,July,Jul,7,3,2020
20200726,2020-07-26,Sun,July,Jul,7,3,2020
20200727,2020-07-27,Mon,July,Jul,7,3,2020
20200728,2020-07-28,Tue,July,Jul,7,3,2020
20200729,2020-07-29,Wed,July,Jul,7,3,2020
20200730,2020-07-30,Thu,July,Jul,7,3,2020
20200731,2020-07-31,Fri,July,Jul,7,3,2020
20200801,2020-08-01,Sat,August,Aug,8,3,2020
20200802,2020-08-02,Sun,August,Aug,8,3,2020
20200803,2020-08-03,Mon,August,Aug,8,3,2020
20200804,2020-08-04,Tue,August,Aug,8,3,2020
20200805,2020-08-05,Wed,August,Aug,8,3,2020
20200806,2020-08-06,Thu,August,Aug,8,3,2020
20200807,2020-08-07,Fri,August,Aug,8,3,2020
20200808,2020-08-08,Sat,August,Aug,8,3,2020
20200809,2020-08-09,Sun,August,Aug,8,3,2020
20200810,2020-08-10,Mon,August,Aug,8,3,2020
20200811,2020-08-11,Tue,August,Aug,8,3,2020
20200812,2020-08-12,Wed,August,Aug,8,3,2020
20200813,2020-08-13,Thu,August,Aug,8,3,2020
20200814,2020-08-14,Fri,August,Aug,8,3,2020
20200815,2020-08-15,Sat,August,Aug,8,3,2020
20200816,2020-08-16,Sun,August,Aug,8,3,2020
20200817,2020-08-17,Mon,August,Aug,8,3,2020
20200818,2020-08-18,Tue,August,Aug,8,3,2020
20200819,2020-08-19,Wed,August,Aug,8,3,2020
20200820,2020-08-20,Thu,August,Aug,8,3,2020
20200821,2020-08-21,Fri,August,Aug,8,3,2020
20200822,2020-08-22,Sat,August,Aug,8,3,2020
20200823,2020-08-23,Sun,August,Aug,8,3,2020
20200824,2020-08-24,Mon,August,Aug,8,3,2020
20200825,2020-08-25,Tue,August,Aug,8,3,2020
20200826,2020-08-26,Wed,August,Aug,8,3,2020
20200827,2020-08-27,Thu,August,Aug,8,3,2020
20200828,2020-08-28,Fri,August,Aug,8,3,2020
20200829,2020-08-29,Sat,August,Aug,8,3,2020
20200830,2020-08-30,Sun,August,Aug,8,3,2020
20200831,2020-08-31,Mon,August,Aug,8,3,2020
20200901,2020-09-01,Tue,September,Sep,9,3,2020
20200902,2020-09-02,Wed,September,Sep,9,3,2020
20200903,2020-09-03,Thu,September,Sep,9,3,2020
20200904,2020-09-04,Fri,September,Sep,9,3,2020
20200905,2020-09-05,Sat,September,Sep,9,3,2020
20200906,2020-09-06,Sun,September,Sep,9,3,2020
20200907,2020-09-07,Mon,September,Sep,9,3,2020
20200908,2020-09-08,Tue,September,Sep,9,3,2020
20200909,2020-09-09,Wed,September,Sep,9,3,2020
20200910,2020-09-10,Thu,September,Sep,9,3,2020
20200911,2020-09-11,Fri,September,Sep,9,3,2020
20200912,2020-09-12,Sat,September,Sep,9,3,2020
20200913,2020-09-13,Sun,September,Sep,9,3,2020
20200914,2020-09-14,Mon,September,Sep,9,3,2020
20200915,2020-09-15,Tue,September,Sep,9,3,2020
20200916,2020-09-16,Wed,September,Sep,9,3,2020
20200917,2020-09-17,Thu,September,Sep,9,3,2020
20200918,2020-09-18,Fri,September,Sep,9,3,2020
20200919,2020-09-19,Sat,September,Sep,9,3,2020
20200920,2020-09-20,Sun,September,Sep,9,3,2020
20200921,2020-09-21,Mon,September,Sep,9,3,2020
20200922,2020-09-22,Tue,September,Sep,9,3,2020
20200923,2020-09-23,Wed,September,Sep,9,3,2020
20200924,2020-09-24,Thu,September,Sep,9,3,2020
20200925,2020-09-25,Fri,September,Sep,9,3,2020
20200926,2020-09-26,Sat,September,Sep,9,3,2020
20200927,2020-09-27,Sun,September,Sep,9,3,2020
20200928,2020-09-28,Mon,September,Sep,9,3,2020
20200929,2020-09-29,Tue,September,Sep,9,3,2020
20200930,2020-09-30,Wed,September,Sep,9,3,2020
20201001,2020-10-01,Thu,October,Oct,10,4,2020
20201002,2020-10-02,Fri,October,Oct,10,4,2020
20201003,2020-10-03,Sat,October,Oct,10,4,2020
20201004,2020-10-04,Sun,October,Oct,10,4,2020
20201005,2020-10-05,Mon,October,Oct,10,4,2020
20201006,2020-10-06,Tue,October,Oct,10,4,2020
20201007,2020-10-07,Wed,October,Oct,10,4,2020
20201008,2020-10-08,Thu,October,Oct,10,4,2020
20201009,2020-10-09,Fri,October,Oct,10,4,2020
20201010,2020-10-10,Sat,October,Oct,10,4,2020
20201011,2020-10-11,Sun,October,Oct,10,4,2020
20201012,2020-10-12,Mon,October,Oct,10,4,2020
20201013,2020-10-13,Tue,October,Oct,10,4,2020
20201014,2020-10-14,Wed,October,Oct,10,4,2020
20201015,2020-10-15,Thu,October,Oct,10,4,2020
20201016,2020-10-16,Fri,October,Oct,10,4,2020
20201017,2020-10-17,Sat,October,Oct,10,4,2020
20201018,2020-10-18,Sun,October,Oct,10,4,2020
20201019,2020-10-19,Mon,October,Oct,10,4,2020
20201020,2020-10-20,Tue,October,Oct,10,4,2020
20201021,2020-10-21,Wed,October,Oct,10,4,2020
20201022,2020-10-22,Thu,October,Oct,10,4,2020
20201023,2020-10-23,Fri,October,Oct,10,4,2020
20201024,2020-10-24,Sat,October,Oct,10,4,2020
20201025,2020-10-25,Sun,October,Oct,10,4,2020
20201026,2020-10-26,Mon,October,Oct,10,4,2020
20201027,2020-10-27,Tue,October,Oct,10,4,2020
20201028,2020-10-28,Wed,October,Oct,10,4,2020
20201029,2020-10-29,Thu,October,Oct,10,4,2020
20201030,2020-10-30,Fri,October,Oct,10,4,2020
20201031,2020-10-31,Sat,October,Oct,10,4,2020
20201101,2020-11-01,Sun,November,Nov,11,4,2020
20201102,2020-11-02,Mon,November,Nov,11,4,2020
20201103,2020-11-03,Tue,November,Nov,11,4,2020
20201104,2020-11-04,Wed,November,Nov,11,4,2020
20201105,2020-11-05,Thu,November,Nov,11,4,2020
20201106,2020-11-06,Fri,November,Nov,11,4,2020
20201107,2020-11-07,Sat,November,Nov,11,4,2020
20201108,2020-11-08,Sun,November,Nov,11,4,2020
20201109,2020-11-09,Mon,November,Nov,11,4,2020
20201110,2020-11-10,Tue,November,Nov,11,4,2020
20201111,2020-11-11,Wed,November,Nov,11,4,2020
20201112,2020-11-12,Thu,November,Nov,11,4,2020
20201113,2020-11-13,Fri,November,Nov,11,4,2020
20201114,2020-11-14,Sat,November,Nov,11,4,2020
20201115,2020-11-15,Sun,November,Nov,11,4,2020
20201116,2020-11-16,Mon,November,Nov,11,4,2020
20201117,2020-11-17,Tue,November,Nov,11,4,2020
20201118,2020-11-18,Wed,November,Nov,11,4,2020
20201119,2020-11-19,Thu,November,Nov,11,4,2020
20201120,2020-11-20,Fri,November,Nov,11,4,2020
20201121,2020-11-21,Sat,November,Nov,11,4,2020
20201122,2020-11-22,Sun,November,Nov,11,4,2020
20201123,2020-11-23,Mon,November,Nov,11,4,2020
20201124,2020-11-24,Tue,November,Nov,11,4,2020
20201125,2020-11-25,Wed,November,Nov,11,4,2020
20201126,2020-11-26,Thu,November,Nov,11,4,2020
20201127,2020-11-27,Fri,November,Nov,11,4,2020
20201128,2020-11-28,Sat,November,Nov,11,4,2020
20201129,2020-11-29,Sun,November,Nov,11,4,2020
20201130,2020-11-30,Mon,November,Nov,11,4,2020
20201201,2020-12-01,Tue,December,Dec,12,4,2020
20201202,2020-12-02,Wed,December,Dec,12,4,2020
20201203,2020-12-03,Thu,December,Dec,12,4,2020
20201204,2020-12-04,Fri,December,Dec,12,4,2020
20201205,2020-12-05,Sat,December,Dec,12,4,2020
20201206,2020-12-06,Sun,December,Dec,12,4,2020
20201207,2020-12-07,Mon,December,Dec,12,4,2020
20201208,2020-12-08,Tue,December,Dec,12,4,2020
20201209,2020-12-09,Wed,December,Dec,12,4,2020
20201210,2020-12-10,Thu,December,Dec,12,4,2020
20201211,2020-12-11,Fri,December,Dec,12,4,2020
20201212,2020-12-12,Sat,December,Dec,12,4,2020
20201213,2020-12-13,Sun,December,Dec,12,4,2020
20201214,2020-12-14,Mon,December,Dec,12,4,2020
20201215,2020-12-15,Tue,December,Dec,12,4,2020
20201216,2020-12-16,Wed,December,Dec,12,4,2020
20201217,2020-12-17,Thu,December,Dec,12,4,2020
20201218,2020-12-18,Fri,December,Dec,12,4,2020
20201219,2020-12-19,Sat,December,Dec,12,4,2020
20201220,2020-12-20,Sun,December,Dec,12,4,2020
20201221,2020-12-21,Mon,December,Dec,12,4,2020
20201222,2020-12-22,Tue,December,Dec,12,4,2020
20201223,2020-12-23,Wed,December,Dec,12,4,2020
20201224,2020-12-24,Thu,December,Dec,12,4,2020
20201225,2020-12-25,Fri,December,Dec,12,4,2020
20201226,2020-12-26,Sat,December,Dec,12,4,2020
20201227,2020-12-27,Sun,December,Dec,12,4,2020
20201228,2020-12-28,Mon,December,Dec,12,4,2020
20201229,2020-12-29,Tue,December,Dec,12,4,2020
20201230,2020-12-30,Wed,December,Dec,12,4,2020
20201231,2020-12-31,Thu,December,Dec,12,4,2020
20210101,2021-01-01,Fri,January,Jan,1,1,2021
20210102,2021-01-02,Sat,January,Jan,1,1,2021
20210103,2021-01-03,Sun,January,Jan,1,1,2021
20210104,2021-01-04,Mon,January,Jan,1,1,2021
20210105,2021-01-05,Tue,January,Jan,1,1,2021
20210106,2021-01-06,Wed,January,Jan,1,1,2021
20210107,2021-01-07,Thu,January,Jan,1,1,2021
20210108,2021-01-08,Fri,January,Jan,1,1,2021
20210109,2021-01-09,Sat,January,Jan,1,1,2021
20210110,2021-01-10,Sun,January,Jan,1,1,2021
20210111,2021-01-11,Mon,January,Jan,1,1,2021
20210112,2021-01-12,Tue,January,Jan,1,1,2021
20210113,2021-01-13,Wed,January,Jan,1,1,2021
20210114,2021-01-14,Thu,January,Jan,1,1,2021
20210115,2021-01-15,Fri,January,Jan,1,1,2021
20210116,2021-01-16,Sat,January,Jan,1,1,2021
20210117,2021-01-17,Sun,January,Jan,1,1,2021
20210118,2021-01-18,Mon,January,Jan,1,1,2021
20210119,2021-01-19,Tue,January,Jan,1,1,2021
20210120,2021-01-20,Wed,January,Jan,1,1,2021
20210121,2021-01-21,Thu,January,Jan,1,1,2021
20210122,2021-01-22,Fri,January,Jan,1,1,2021
20210123,2021-01-23,Sat,January,Jan,1,1,2021
20210124,2021-01-24,Sun,January,Jan,1,1,2021
20210125,2021-01-25,Mon,January,Jan,1,1,2021
20210126,2021-01-26,Tue,January,Jan,1,1,2021
20210127,2021-01-27,Wed,January,Jan,1,1,2021
20210128,2021-01-28,Thu,January,Jan,1,1,2021
20210129,2021-01-29,Fri,January,Jan,1,1,2021
20210130,2021-01-30,Sat,January,Jan,1,1,2021
20210131,2021-01-31,Sun,January,Jan,1,1,2021
20210201,2021-02-01,Mon,February,Feb,2,1,2021
20210202,2021-02-02,Tue,February,Feb,2,1,2021
20210203,2021-02-03,Wed,February,Feb,2,1,2021
20210204,2021-02-04,Thu,February,Feb,2,1,2021
20210205,2021-02-05,Fri,February,Feb,2,1,2021
20210206,2021-02-06,Sat,February,Feb,2,1,2021
20210207,2021-02-07,Sun,February,Feb,2,1,2021
20210208,2021-02-08,Mon,February,Feb,2,1,2021
20210209,2021-02-09,Tue,February,Feb,2,1,2021
20210210,2021-02-10,Wed,February,Feb,2,1,2021
20210211,2021-02-11,Thu,February,Feb,2,1,2021
20210212,2021-02-12,Fri,February,Feb,2,1,2021
20210213,2021-02-13,Sat,February,Feb,2,1,2021
20210214,2021-02-14,Sun,February,Feb,2,1,2021
20210215,2021-02-15,Mon,February,Feb,2,1,2021
20210216,2021-02-16,Tue,February,Feb,2,1,2021
20210217,2021-02-17,Wed,February,Feb,2,1,2021
20210218,2021-02-18,Thu,February,Feb,2,1,2021
20210219,2021-02-19,Fri,February,Feb,2,1,2021
20210220,2021-02-20,Sat,February,Feb,2,1,2021
20210221,2021-02-21,Sun,February,Feb,2,1,2021
20210222,2021-02-22,Mon,February,Feb,2,1,2021
20210223,2021-02-23,Tue,February,Feb,2,1,2021
20210224,2021-02-24,Wed,February,Feb,2,1,2021
20210225,2021-02-25,Thu,February,Feb,2,1,2021
20210226,2021-02-26,Fri,February,Feb,2,1,2021
20210227,2021-02-27,Sat,February,Feb,2,1,2021
20210228,2021-02-28,Sun,February,Feb,2,1,2021
20210301,2021-03-01,Mon,March,Mar,3,1,2021
20210302,2021-03-02,Tue,March,Mar,3,1,2021
20210303,2021-03-03,Wed,March,Mar,3,1,2021
20210304,2021-03-04,Thu,March,Mar,3,1,2021
20210305,2021-03-05,Fri,March,Mar,3,1,2021
20210306,2021-03-06,Sat,March,Mar,3,1,2021
20210307,2021-03-07,Sun,March,Mar,3,1,2021
20210308,2021-03-08,Mon,March,Mar,3,1,2021
20210309,2021-03-09,Tue,March,Mar,3,1,2021
20210310,2021-03-10,Wed,March,Mar,3,1,2021
20210311,2021-03-11,Thu,March,Mar,3,1,2021
20210312,2021-03-12,Fri,March,Mar,3,1,2021
20210313,2021-03-13,Sat,March,Mar,3,1,2021
20210314,2021-03-14,Sun,March,Mar,3,1,2021
20210315,2021-03-15,Mon,March,Mar,3,1,2021
20210316,2021-03-16,Tue,March,Mar,3,1,2021
20210317,2021-03-17,Wed,March,Mar,3,1,2021
20210318,2021-03-18,Thu,March,Mar,3,1,2021
20210319,2021-03-19,Fri,March,Mar,3,1,2021
20210320,2021-03-20,Sat,March,Mar,3,1,2021
20210321,2021-03-21,Sun,March,Mar,3,1,2021
20210322,2021-03-22,Mon,March,Mar,3,1,2021
20210323,2021-03-23,Tue,March,Mar,3,1,2021
20210324,2021-03-24,Wed,March,Mar,3,1,2021
20210325,2021-03-25,Thu,March,Mar,3,1,2021
20210326,2021-03-26,Fri,March,Mar,3,1,2021
20210327,2021-03-27,Sat,March,Mar,3,1,2021
20210328,2021-03-28,Sun,March,Mar,3,1,2021
20210329,2021-03-29,Mon,March,Mar,3,1,2021
20210330,2021-03-30,Tue,March,Mar,3,1,2021
20210331,2021-03-31,Wed,March,Mar,3,1,2021
20210401,2021-04-01,Thu,April,Apr,4,2,2021
20210402,2021-04-02,Fri,April,Apr,4,2,2021
20210403,2021-04-03,Sat,April,Apr,4,2,2021
20210404,2021-04-04,Sun,April,Apr,4,2,2021
20210405,2021-04-05,Mon,April,Apr,4,2,2021
20210406,2021-04-06,Tue,April,Apr,4,2,2021
20210407,2021-04-07,Wed,April,Apr,4,2,2021
20210408,2021-04-08,Thu,April,Apr,4,2,2021
20210409,2021-04-09,Fri,April,Apr,4,2,2021
20210410,2021-04-10,Sat,April,Apr,4,2,2021
20210411,2021-04-11,Sun,April,Apr,4,2,2021
20210412,2021-04-12,Mon,April,Apr,4,2,2021
20210413,2021-04-13,Tue,April,Apr,4,2,2021
20210414,2021-04-14,Wed,April,Apr,4,2,2021
20210415,2021-04-15,Thu,April,Apr,4,2,2021
20210416,2021-04-16,Fri,April,Apr,4,2,2021
20210417,2021-04-17,Sat,April,Apr,4,2,2021
20210418,2021-04-18,Sun,April,Apr,4,2,2021
20210419,2021-04-19,Mon,April,Apr,4,2,2021
20210420,2021-04-20,Tue,April,Apr,4,2,2021
20210421,2021-04-21,Wed,April,Apr,4,2,2021
20210422,2021-04-22,Thu,April,Apr,4,2,2021
20210423,2021-04-23,Fri,April,Apr,4,2,2021
20210424,2021-04-24,Sat,April,Apr,4,2,2021
20210425,2021-04-25,Sun,April,Apr,4,2,2021
20210426,2021-04-26,Mon,April,Apr,4,2,2021
20210427,2021-04-27,Tue,April,Apr,4,2,2021
20210428,2021-04-28,Wed,April,Apr,4,2,2021
20210429,2021-04-29,Thu,April,Apr,4,2,2021
20210430,2021-04-30,Fri,April,Apr,4,2,2021
20210501,2021-05-01,Sat,May,May,5,2,2021
20210502,2021-05-02,Sun,May,May,5,2,2021
20210503,2021-05-03,Mon,May,May,5,2,2021
20210504,2021-05-04,Tue,May,May,5,2,2021
20210505,2021-05-05,Wed,May,May,5,2,2021
20210506,2021-05-06,Thu,May,May,5,2,2021
20210507,2021-05-07,Fri,May,May,5,2,2021
20210508,2021-05-08,Sat,May,May,5,2,2021
20210509,2021-05-09,Sun,May,May,5,2,2021
20210510,2021-05-10,Mon,May,May,5,2,2021
20210511,2021-05-11,Tue,May,May,5,2,2021
20210512,2021-05-12,Wed,May,May,5,2,2021
20210513,2021-05-13,Thu,May,May,5,2,2021
20210514,2021-05-14,Fri,May,May,5,2,2021
20210515,2021-05-15,Sat,May,May,5,2,2021
20210516,2021-05-16,Sun,May,May,5,2,2021
20210517,2021-05-17,Mon,May,May,5,2,2021
20210518,2021-05-18,Tue,May,May,5,2,2021
20210519,2021-05-19,Wed,May,May,5,2,2021
20210520,2021-05-20,Thu,May,May,5,2,2021
20210521,2021-05-21,Fri,May,May,5,2,2021
20210522,2021-05-22,Sat,May,May,5,2,2021
20210523,2021-05-23,Sun,May,May,5,2,2021
20210524,2021-05-24,Mon,May,May,5,2,2021
20210525,2021-05-25,Tue,May,May,5,2,2021
20210526,2021-05-26,Wed,May,May,5,2,2021
20210527,2021-05-27,Thu,May,May,5,2,2021
20210528,2021-05-28,Fri,May,May,5,2,2021
20210529,2021-05-29,Sat,May,May,5,2,2021
20210530,2021-05-30,Sun,May,May,5,2,2021
20210531,2021-05-31,Mon,May,May,5,2,2021
20210601,2021-06-01,Tue,June,Jun,6,2,2021
20210602,2021-06-02,Wed,June,Jun,6,2,2021
20210603,2021-06-03,Thu,June,Jun,6,2,2021
20210604,2021-06-04,Fri,June,Jun,6,2,2021
20210605,2021-06-05,Sat,June,Jun,6,2,2021
20210606,2021-06-06,Sun,June,Jun,6,2,2021
20210607,2021-06-07,Mon,June,Jun,6,2,2021
20210608,2021-06-08,Tue,June,Jun,6,2,2021
20210609,2021-06-09,Wed,June,Jun,6,2,2021
20210610,2021-06-10,Thu,June,Jun,6,2,2021
20210611,2021-06-11,Fri,June,Jun,6,2,2021
20210612,2021-06-12,Sat,June,Jun,6,2,2021
20210613,2021-06-13,Sun,June,Jun,6,2,2021
20210614,2021-06-14,Mon,June,Jun,6,2,2021
20210615,2021-06-15,Tue,June,Jun,6,2,2021
20210616,2021-06-16,Wed,June,Jun,6,2,2021
20210617,2021-06-17,Thu,June,Jun,6,2,2021
20210618,2021-06-18,Fri,June,Jun,6,2,2021
20210619,2021-06-19,Sat,June,Jun,6,2,2021
20210620,2021-06-20,Sun,June,Jun,6,2,2021
20210621,2021-06-21,Mon,June,Jun,6,2,2021
20210622,2021-06-22,Tue,June,Jun,6,2,2021
20210623,2021-06-23,Wed,June,Jun,6,2,2021
20210624,2021-06-24,Thu,June,Jun,6,2,2021
20210625,2021-06-25,Fri,June,Jun,6,2,2021
20210626,2021-06-26,Sat,June,Jun,6,2,2021
20210627,2021-06-27,Sun,June,Jun,6,2,2021
20210628,2021-06-28,Mon,June,Jun,6,2,2021
20210629,2021-06-29,Tue,June,Jun,6,2,2021
20210630,2021-06-30,Wed,June,Jun,6,2,2021
20210701,2021-07-01,Thu,July,Jul,7,3,2021
20210702,2021-07-02,Fri,July,Jul,7,3,2021
20210703,2021-07-03,Sat,July,Jul,7,3,2021
20210704,2021-07-04,Sun,July,Jul,7,3,2021
20210705,2021-07-05,Mon,July,Jul,7,3,2021
20210706,2021-07-06,Tue,July,Jul,7,3,2021
20210707,2021-07-07,Wed,July,Jul,7,3,2021
20210708,2021-07-08,Thu,July,Jul,7,3,2021
20210709,2021-07-09,Fri,July,Jul,7,3,2021
20210710,2021-07-10,Sat,July,Jul,7,3,2021
20210711,2021-07-11,Sun,July,Jul,7,3,2021
20210712,2021-07-12,Mon,July,Jul,7,3,2021
20210713,2021-07-13,Tue,July,Jul,7,3,2021
20210714,2021-07-14,Wed,July,Jul,7,3,2021
20210715,2021-07-15,Thu,July,Jul,7,3,2021
20210716,2021-07-16,Fri,July,Jul,7,3,2021
20210717,2021-07-17,Sat,July,Jul,7,3,2021
20210718,2021-07-18,Sun,July,Jul,7,3,2021
20210719,2021-07-19,Mon,July,Jul,7,3,2021
20210720,2021-07-20,Tue,July,Jul,7,3,2021
20210721,2021-07-21,Wed,July,Jul,7,3,2021
20210722,2021-07-22,Thu,July,Jul,7,3,2021
20210723,2021-07-23,Fri,July,Jul,7,3,2021
20210724,2021-07-24,Sat,July,Jul,7,3,2021
20210725,2021-07-25,Sun,July,Jul,7,3,2021
20210726,2021-07-26,Mon,July,Jul,7,3,2021
20210727,2021-07-27,Tue,July,Jul,7,3,2021
20210728,2021-07-28,Wed,July,Jul,7,3,2021
20210729,2021-07-29,Thu,July,Jul,7,3,2021
20210730,2021-07-30,Fri,July,Jul,7,3,2021
20210731,2021-07-31,Sat,July,Jul,7,3,2021
20210801,2021-08-01,Sun,August,Aug,8,3,2021
20210802,2021-08-02,Mon,August,Aug,8,3,2021
20210803,2021-08-03,Tue,August,Aug,8,3,2021
20210804,2021-08-04,Wed,August,Aug,8,3,2021
20210805,2021-08-05,Thu,August,Aug,8,3,2021
20210806,2021-08-06,Fri,August,Aug,8,3,2021
20210807,2021-08-07,Sat,August,Aug,8,3,2021
20210808,2021-08-08,Sun,August,Aug,8,3,2021
20210809,2021-08-09,Mon,August,Aug,8,3,2021
20210810,2021-08-10,Tue,August,Aug,8,3,2021
20210811,2021-08-11,Wed,August,Aug,8,3,2021
20210812,2021-08-12,Thu,August,Aug,8,3,2021
20210813,2021-08-13,Fri,August,Aug,8,3,2021
20210814,2021-08-14,Sat,August,Aug,8,3,2021
20210815,2021-08-15,Sun,August,Aug,8,3,2021
20210816,2021-08-16,Mon,August,Aug,8,3,2021
20210817,2021-08-17,Tue,August,Aug,8,3,2021
20210818,2021-08-18,Wed,August,Aug,8,3,2021
20210819,2021-08-19,Thu,August,Aug,8,3,2021
20210820,2021-08-20,Fri,August,Aug,8,3,2021
20210821,2021-08-21,Sat,August,Aug,8,3,2021
20210822,2021-08-22,Sun,August,Aug,8,3,2021
20210823,2021-08-23,Mon,August,Aug,8,3,2021
20210824,2021-08-24,Tue,August,Aug,8,3,2021
20210825,2021-08-25,Wed,August,Aug,8,3,2021
20210826,2021-08-26,Thu,August,Aug,8,3,2021
20210827,2021-08-27,Fri,August,Aug,8,3,2021
20210828,2021-08-28,Sat,August,Aug,8,3,2021
20210829,2021-08-29,Sun,August,Aug,8,3,2021
20210830,2021-08-30,Mon,August,Aug,8,3,2021
20210831,2021-08-31,Tue,August,Aug,8,3,2021
20210901,2021-09-01,Wed,September,Sep,9,3,2021
20210902,2021-09-02,Thu,September,Sep,9,3,2021
20210903,2021-09-03,Fri,September,Sep,9,3,2021
20210904,2021-09-04,Sat,September,Sep,9,3,2021
20210905,2021-09-05,Sun,September,Sep,9,3,2021
20210906,2021-09-06,Mon,September,Sep,9,3,2021
20210907,2021-09-07,Tue,September,Sep,9,3,2021
20210908,2021-09-08,Wed,September,Sep,9,3,2021
20210909,2021-09-09,Thu,September,Sep,9,3,2021
20210910,2021-09-10,Fri,September,Sep,9,3,2021
20210911,2021-09-11,Sat,September,Sep,9,3,2021
20210912,2021-09-12,Sun,September,Sep,9,3,2021
20210913,2021-09-13,Mon,September,Sep,9,3,2021
20210914,2021-09-14,Tue,September,Sep,9,3,2021
20210915,2021-09-15,Wed,September,Sep,9,3,2021
20210916,2021-09-16,Thu,September,Sep,9,3,2021
20210917,2021-09-17,Fri,September,Sep,9,3,2021
20210918,2021-09-18,Sat,September,Sep,9,3,2021
20210919,2021-09-19,Sun,September,Sep,9,3,2021
20210920,2021-09-20,Mon,September,Sep,9,3,2021
20210921,2021-09-21,Tue,September,Sep,9,3,2021
20210922,2021-09-22,Wed,September,Sep,9,3,2021
20210923,2021-09-23,Thu,September,Sep,9,3,2021
20210924,2021-09-24,Fri,September,Sep,9,3,2021
20210925,2021-09-25,Sat,September,Sep,9,3,2021
20210926,2021-09-26,Sun,September,Sep,9,3,2021
20210927,2021-09-27,Mon,September,Sep,9,3,2021
20210928,2021-09-28,Tue,September,Sep,9,3,2021
20210929,2021-09-29,Wed,September,Sep,9,3,2021
20210930,2021-09-30,Thu,September,Sep,9,3,2021
20211001,2021-10-01,Fri,October,Oct,10,4,2021
20211002,2021-10-02,Sat,October,Oct,10,4,2021
20211003,2021-10-03,Sun,October,Oct,10,4,2021
20211004,2021-10-04,Mon,October,Oct,10,4,2021
20211005,2021-10-05,Tue,October,Oct,10,4,2021
20211006,2021-10-06,Wed,October,Oct,10,4,2021
20211007,2021-10-07,Thu,October,Oct,10,4,2021
20211008,2021-10-08,Fri,October,Oct,10,4,2021
20211009,2021-10-09,Sat,October,Oct,10,4,2021
20211010,2021-10-10,Sun,October,Oct,10,4,2021
20211011,2021-10-11,Mon,October,Oct,10,4,2021
20211012,2021-10-12,Tue,October,Oct,10,4,2021
20211013,2021-10-13,Wed,October,Oct,10,4,2021
20211014,2021-10-14,Thu,October,Oct,10,4,2021
20211015,2021-10-15,Fri,October,Oct,10,4,2021
20211016,2021-10-16,Sat,October,Oct,10,4,2021
20211017,2021-10-17,Sun,October,Oct,10,4,2021
20211018,2021-10-18,Mon,October,Oct,10,4,2021
20211019,2021-10-19,Tue,October,Oct,10,4,2021
20211020,2021-10-20,Wed,October,Oct,10,4,2021
20211021,2021-10-21,Thu,October,Oct,10,4,2021
20211022,2021-10-22,Fri,October,Oct,10,4,2021
20211023,2021-10-23,Sat,October,Oct,10,4,2021
20211024,2021-10-24,Sun,October,Oct,10,4,2021
20211025,2021-10-25,Mon,October,Oct,10,4,2021
20211026,2021-10-26,Tue,October,Oct,10,4,2021
20211027,2021-10-27,Wed,October,Oct,10,4,2021
20211028,2021-10-28,Thu,October,Oct,10,4,2021
20211029,2021-10-29,Fri,October,Oct,10,4,2021
20211030,2021-10-30,Sat,October,Oct,10,4,2021
20211031,2021-10-31,Sun,October,Oct,10,4,2021
20211101,2021-11-01,Mon,November,Nov,11,4,2021
20211102,2021-11-02,Tue,November,Nov,11,4,2021
20211103,2021-11-03,Wed,November,Nov,11,4,2021
20211104,2021-11-04,Thu,November,Nov,11,4,2021
20211105,2021-11-05,Fri,November,Nov,11,4,2021
20211106,2021-11-06,Sat,November,Nov,11,4,2021
20211107,2021-11-07,Sun,November,Nov,11,4,2021
20211108,2021-11-08,Mon,November,Nov,11,4,2021
20211109,2021-11-09,Tue,November,Nov,11,4,2021
20211110,2021-11-10,Wed,November,Nov,11,4,2021
20211111,2021-11-11,Thu,November,Nov,11,4,2021
20211112,2021-11-12,Fri,November,Nov,11,4,2021
20211113,2021-11-13,Sat,November,Nov,11,4,2021
20211114,2021-11-14,Sun,November,Nov,11,4,2021
20211115,2021-11-15,Mon,November,Nov,11,4,2021
20211116,2021-11-16,Tue,November,Nov,11,4,2021
20211117,2021-11-17,Wed,November,Nov,11,4,2021
20211118,2021-11-18,Thu,November,Nov,11,4,2021
20211119,2021-11-19,Fri,November,Nov,11,4,2021
20211120,2021-11-20,Sat,November,Nov,11,4,2021
20211121,2021-11-21,Sun,November,Nov,11,4,2021
20211122,2021-11-22,Mon,November,Nov,11,4,2021
20211123,2021-11-23,Tue,November,Nov,11,4,2021
20211124,2021-11-24,Wed,November,Nov,11,4,2021
20211125,2021-11-25,Thu,November,Nov,11,4,2021
20211126,2021-11-26,Fri,November,Nov,11,4,2021
20211127,2021-11-27,Sat,November,Nov,11,4,2021
20211128,2021-11-28,Sun,November,Nov,11,4,2021
20211129,2021-11-29,Mon,November,Nov,11,4,2021
20211130,2021-11-30,Tue,November,Nov,11,4,2021
20211201,2021-12-01,Wed,December,Dec,12,4,2021
20211202,2021-12-02,Thu,December,Dec,12,4,2021
20211203,2021-12-03,Fri,December,Dec,12,4,2021
20211204,2021-12-04,Sat,December,Dec,12,4,2021
20211205,2021-12-05,Sun,December,Dec,12,4,2021
20211206,2021-12-06,Mon,December,Dec,12,4,2021
20211207,2021-12-07,Tue,December,Dec,12,4,2021
20211208,2021-12-08,Wed,December,Dec,12,4,2021
20211209,2021-12-09,Thu,December,Dec,12,4,2021
20211210,2021-12-10,Fri,December,Dec,12,4,2021
20211211,2021-12-11,Sat,December,Dec,12,4,2021
20211212,2021-12-12,Sun,December,Dec,12,4,2021
20211213,2021-12-13,Mon,December,Dec,12,4,2021
20211214,2021-12-14,Tue,December,Dec,12,4,2021
20211215,2021-12-15,Wed,December,Dec,12,4,2021
20211216,2021-12-16,Thu,December,Dec,12,4,2021
20211217,2021-12-17,Fri,December,Dec,12,4,2021
20211218,2021-12-18,Sat,December,Dec,12,4,2021
20211219,2021-12-19,Sun,December,Dec,12,4,2021
20211220,2021-12-20,Mon,December,Dec,12,4,2021
20211221,2021-12-21,Tue,December,Dec,12,4,2021
20211222,2021-12-22,Wed,December,Dec,12,4,2021
20211223,2021-12-23,Thu,December,Dec,12,4,2021
20211224,2021-12-24,Fri,December,Dec,12,4,2021
20211225,2021-12-25,Sat,December,Dec,12,4,2021
20211226,2021-12-26,Sun,December,Dec,12,4,2021
20211227,2021-12-27,Mon,December,Dec,12,4,2021
20211228,2021-12-28,Tue,December,Dec,12,4,2021
20211229,2021-12-29,Wed,December,Dec,12,4,2021
20211230,2021-12-30,Thu,December,Dec,12,4,2021
20211231,2021-12-31,Fri,December,Dec,12,4,2021
20220101,2022-01-01,Sat,January,Jan,1,1,2022
20220102,2022-01-02,Sun,January,Jan,1,1,2022
20220103,2022-01-03,Mon,January,Jan,1,1,2022
20220104,2022-01-04,Tue,January,Jan,1,1,2022
20220105,2022-01-05,Wed,January,Jan,1,1,2022
20220106,2022-01-06,Thu,January,Jan,1,1,2022
20220107,2022-01-07,Fri,January,Jan,1,1,2022
20220108,2022-01-08,Sat,January,Jan,1,1,2022
20220109,2022-01-09,Sun,January,Jan,1,1,2022
20220110,2022-01-10,Mon,January,Jan,1,1,2022
20220111,2022-01-11,Tue,January,Jan,1,1,2022
20220112,2022-01-12,Wed,January,Jan,1,1,2022
20220113,2022-01-13,Thu,January,Jan,1,1,2022
20220114,2022-01-14,Fri,January,Jan,1,1,2022
20220115,2022-01-15,Sat,January,Jan,1,1,2022
20220116,2022-01-16,Sun,January,Jan,1,1,2022
20220117,2022-01-17,Mon,January,Jan,1,1,2022
20220118,2022-01-18,Tue,January,Jan,1,1,2022
20220119,2022-01-19,Wed,January,Jan,1,1,2022
20220120,2022-01-20,Thu,January,Jan,1,1,2022
20220121,2022-01-21,Fri,January,Jan,1,1,2022
20220122,2022-01-22,Sat,January,Jan,1,1,2022
20220123,2022-01-23,Sun,January,Jan,1,1,2022
20220124,2022-01-24,Mon,January,Jan,1,1,2022
20220125,2022-01-25,Tue,January,Jan,1,1,2022
20220126,2022-01-26,Wed,January,Jan,1,1,2022
20220127,2022-01-27,Thu,January,Jan,1,1,2022
20220128,2022-01-28,Fri,January,Jan,1,1,2022
20220129,2022-01-29,Sat,January,Jan,1,1,2022
20220130,2022-01-30,Sun,January,Jan,1,1,2022
20220131,2022-01-31,Mon,January,Jan,1,1,2022
20220201,2022-02-01,Tue,February,Feb,2,1,2022
20220202,2022-02-02,Wed,February,Feb,2,1,2022
20220203,2022-02-03,Thu,February,Feb,2,1,2022
20220204,2022-02-04,Fri,February,Feb,2,1,2022
20220205,2022-02-05,Sat,February,Feb,2,1,2022
20220206,2022-02-06,Sun,February,Feb,2,1,2022
20220207,2022-02-07,Mon,February,Feb,2,1,2022
20220208,2022-02-08,Tue,February,Feb,2,1,2022
20220209,2022-02-09,Wed,February,Feb,2,1,2022
20220210,2022-02-10,Thu,February,Feb,2,1,2022
20220211,2022-02-11,Fri,February,Feb,2,1,2022
20220212,2022-02-12,Sat,February,Feb,2,1,2022
20220213,2022-02-13,Sun,February,Feb,2,1,2022
20220214,2022-02-14,Mon,February,Feb,2,1,2022
20220215,2022-02-15,Tue,February,Feb,2,1,2022
20220216,2022-02-16,Wed,February,Feb,2,1,2022
20220217,2022-02-17,Thu,February,Feb,2,1,2022
20220218,2022-02-18,Fri,February,Feb,2,1,2022
20220219,2022-02-19,Sat,February,Feb,2,1,2022
20220220,2022-02-20,Sun,February,Feb,2,1,2022
20220221,2022-02-21,Mon,February,Feb,2,1,2022
20220222,2022-02-22,Tue,February,Feb,2,1,2022
20220223,2022-02-23,Wed,February,Feb,2,1,2022
20220224,2022-02-24,Thu,February,Feb,2,1,2022
20220225,2022-02-25,Fri,February,Feb,2,1,2022
20220226,2022-02-26,Sat,February,Feb,2,1,2022
20220227,2022-02-27,Sun,February,Feb,2,1,2022
20220228,2022-02-28,Mon,February,Feb,2,1,2022
20220301,2022-03-01,Tue,March,Mar,3,1,2022
20220302,2022-03-02,Wed,March,Mar,3,1,2022
20220303,2022-03-03,Thu,March,Mar,3,1,2022
20220304,2022-03-04,Fri,March,Mar,3,1,2022
20220305,2022-03-05,Sat,March,Mar,3,1,2022
20220306,2022-03-06,Sun,March,Mar,3,1,2022
20220307,2022-03-07,Mon,March,Mar,3,1,2022
20220308,2022-03-08,Tue,March,Mar,3,1,2022
20220309,2022-03-09,Wed,March,Mar,3,1,2022
20220310,2022-03-10,Thu,March,Mar,3,1,2022
20220311,2022-03-11,Fri,March,Mar,3,1,2022
20220312,2022-03-12,Sat,March,Mar,3,1,2022
20220313,2022-03-13,Sun,March,Mar,3,1,2022
20220314,2022-03-14,Mon,March,Mar,3,1,2022
20220315,2022-03-15,Tue,March,Mar,3,1,2022
20220316,2022-03-16,Wed,March,Mar,3,1,2022
20220317,2022-03-17,Thu,March,Mar,3,1,2022
20220318,2022-03-18,Fri,March,Mar,3,1,2022
20220319,2022-03-19,Sat,March,Mar,3,1,2022
20220320,2022-03-20,Sun,March,Mar,3,1,2022
20220321,2022-03-21,Mon,March,Mar,3,1,2022
20220322,2022-03-22,Tue,March,Mar,3,1,2022
20220323,2022-03-23,Wed,March,Mar,3,1,2022
20220324,2022-03-24,Thu,March,Mar,3,1,2022
20220325,2022-03-25,Fri,March,Mar,3,1,2022
20220326,2022-03-26,Sat,March,Mar,3,1,2022
20220327,2022-03-27,Sun,March,Mar,3,1,2022
20220328,2022-03-28,Mon,March,Mar,3,1,2022
20220329,2022-03-29,Tue,March,Mar,3,1,2022
20220330,2022-03-30,Wed,March,Mar,3,1,2022
20220331,2022-03-31,Thu,March,Mar,3,1,2022
20220401,2022-04-01,Fri,April,Apr,4,2,2022
20220402,2022-04-02,Sat,April,Apr,4,2,2022
20220403,2022-04-03,Sun,April,Apr,4,2,2022
20220404,2022-04-04,Mon,April,Apr,4,2,2022
20220405,2022-04-05,Tue,April,Apr,4,2,2022
20220406,2022-04-06,Wed,April,Apr,4,2,2022
20220407,2022-04-07,Thu,April,Apr,4,2,2022
20220408,2022-04-08,Fri,April,Apr,4,2,2022
20220409,2022-04-09,Sat,April,Apr,4,2,2022
20220410,2022-04-10,Sun,April,Apr,4,2,2022
20220411,2022-04-11,Mon,April,Apr,4,2,2022
20220412,2022-04-12,Tue,April,Apr,4,2,2022
20220413,2022-04-13,Wed,April,Apr,4,2,2022
20220414,2022-04-14,Thu,April,Apr,4,2,2022
20220415,2022-04-15,Fri,April,Apr,4,2,2022
20220416,2022-04-16,Sat,April,Apr,4,2,2022
20220417,2022-04-17,Sun,April,Apr,4,2,2022
20220418,2022-04-18,Mon,April,Apr,4,2,2022
20220419,2022-04-19,Tue,April,Apr,4,2,2022
20220420,2022-04-20,Wed,April,Apr,4,2,2022
20220421,2022-04-21,Thu,April,Apr,4,2,2022
20220422,2022-04-22,Fri,April,Apr,4,2,2022
20220423,2022-04-23,Sat,April,Apr,4,2,2022
20220424,2022-04-24,Sun,April,Apr,4,2,2022
20220425,2022-04-25,Mon,April,Apr,4,2,2022
20220426,2022-04-26,Tue,April,Apr,4,2,2022
20220427,2022-04-27,Wed,April,Apr,4,2,2022
20220428,2022-04-28,Thu,April,Apr,4,2,2022
20220429,2022-04-29,Fri,April,Apr,4,2,2022
20220430,2022-04-30,Sat,April,Apr,4,2,2022
20220501,2022-05-01,Sun,May,May,5,2,2022
20220502,2022-05-02,Mon,May,May,5,2,2022
20220503,2022-05-03,Tue,May,May,5,2,2022
20220504,2022-05-04,Wed,May,May,5,2,2022
20220505,2022-05-05,Thu,May,May,5,2,2022
20220506,2022-05-06,Fri,May,May,5,2,2022
20220507,2022-05-07,Sat,May,May,5,2,2022
20220508,2022-05-08,Sun,May,May,5,2,2022
20220509,2022-05-09,Mon,May,May,5,2,2022
20220510,2022-05-10,Tue,May,May,5,2,2022
20220511,2022-05-11,Wed,May,May,5,2,2022
20220512,2022-05-12,Thu,May,May,5,2,2022
20220513,2022-05-13,Fri,May,May,5,2,2022
20220514,2022-05-14,Sat,May,May,5,2,2022
20220515,2022-05-15,Sun,May,May,5,2,2022
20220516,2022-05-16,Mon,May,May,5,2,2022
20220517,2022-05-17,Tue,May,May,5,2,2022
20220518,2022-05-18,Wed,May,May,5,2,2022
20220519,2022-05-19,Thu,May,May,5,2,2022
20220520,2022-05-20,Fri,May,May,5,2,2022
20220521,2022-05-21,Sat,May,May,5,2,2022
20220522,2022-05-22,Sun,May,May,5,2,2022
20220523,2022-05-23,Mon,May,May,5,2,2022
20220524,2022-05-24,Tue,May,May,5,2,2022
20220525,2022-05-25,Wed,May,May,5,2,2022
20220526,2022-05-26,Thu,May,May,5,2,2022
20220527,2022-05-27,Fri,May,May,5,2,2022
20220528,2022-05-28,Sat,May,May,5,2,2022
20220529,2022-05-29,Sun,May,May,5,2,2022
20220530,2022-05-30,Mon,May,May,5,2,2022
20220531,2022-05-31,Tue,May,May,5,2,2022
20220601,2022-06-01,Wed,June,Jun,6,2,2022
20220602,2022-06-02,Thu,June,Jun,6,2,2022
20220603,2022-06-03,Fri,June,Jun,6,2,2022
20220604,2022-06-04,Sat,June,Jun,6,2,2022
20220605,2022-06-05,Sun,June,Jun,6,2,2022
20220606,2022-06-06,Mon,June,Jun,6,2,2022
20220607,2022-06-07,Tue,June,Jun,6,2,2022
20220608,2022-06-08,Wed,June,Jun,6,2,2022
20220609,2022-06-09,Thu,June,Jun,6,2,2022
20220610,2022-06-10,Fri,June,Jun,6,2,2022
20220611,2022-06-11,Sat,June,Jun,6,2,2022
20220612,2022-06-12,Sun,June,Jun,6,2,2022
20220613,2022-06-13,Mon,June,Jun,6,2,2022
20220614,2022-06-14,Tue,June,Jun,6,2,2022
20220615,2022-06-15,Wed,June,Jun,6,2,2022
20220616,2022-06-16,Thu,June,Jun,6,2,2022
20220617,2022-06-17,Fri,June,Jun,6,2,2022
20220618,2022-06-18,Sat,June,Jun,6,2,2022
20220619,2022-06-19,Sun,June,Jun,6,2,2022
20220620,2022-06-20,Mon,June,Jun,6,2,2022
20220621,2022-06-21,Tue,June,Jun,6,2,2022
20220622,2022-06-22,Wed,June,Jun,6,2,2022
20220623,2022-06-23,Thu,June,Jun,6,2,2022
20220624,2022-06-24,Fri,June,Jun,6,2,2022
20220625,2022-06-25,Sat,June,Jun,6,2,2022
20220626,2022-06-26,Sun,June,Jun,6,2,2022
20220627,2022-06-27,Mon,June,Jun,6,2,2022
20220628,2022-06-28,Tue,June,Jun,6,2,2022
20220629,2022-06-29,Wed,June,Jun,6,2,2022
20220630,2022-06-30,Thu,June,Jun,6,2,2022
20220701,2022-07-01,Fri,July,Jul,7,3,2022
20220702,2022-07-02,Sat,July,Jul,7,3,2022
20220703,2022-07-03,Sun,July,Jul,7,3,2022
20220704,2022-07-04,Mon,July,Jul,7,3,2022
20220705,2022-07-05,Tue,July,Jul,7,3,2022
20220706,2022-07-06,Wed,July,Jul,7,3,2022
20220707,2022-07-07,Thu,July,Jul,7,3,2022
20220708,2022-07-08,Fri,July,Jul,7,3,2022
20220709,2022-07-09,Sat,July,Jul,7,3,2022
20220710,2022-07-10,Sun,July,Jul,7,3,2022
20220711,2022-07-11,Mon,July,Jul,7,3,2022
20220712,2022-07-12,Tue,July,Jul,7,3,2022
20220713,2022-07-13,Wed,July,Jul,7,3,2022
20220714,2022-07-14,Thu,July,Jul,7,3,2022
20220715,2022-07-15,Fri,July,Jul,7,3,2022
20220716,2022-07-16,Sat,July,Jul,7,3,2022
20220717,2022-07-17,Sun,July,Jul,7,3,2022
20220718,2022-07-18,Mon,July,Jul,7,3,2022
20220719,2022-07-19,Tue,July,Jul,7,3,2022
20220720,2022-07-20,Wed,July,Jul,7,3,2022
20220721,2022-07-21,Thu,July,Jul,7,3,2022
20220722,2022-07-22,Fri,July,Jul,7,3,2022
20220723,2022-07-23,Sat,July,Jul,7,3,2022
20220724,2022-07-24,Sun,July,Jul,7,3,2022
20220725,2022-07-25,Mon,July,Jul,7,3,2022
20220726,2022-07-26,Tue,July,Jul,7,3,2022
20220727,2022-07-27,Wed,July,Jul,7,3,2022
20220728,2022-07-28,Thu,July,Jul,7,3,2022
20220729,2022-07-29,Fri,July,Jul,7,3,2022
20220730,2022-07-30,Sat,July,Jul,7,3,2022
20220731,2022-07-31,Sun,July,Jul,7,3,2022
20220801,2022-08-01,Mon,August,Aug,8,3,2022
20220802,2022-08-02,Tue,August,Aug,8,3,2022
20220803,2022-08-03,Wed,August,Aug,8,3,2022
20220804,2022-08-04,Thu,August,Aug,8,3,2022
20220805,2022-08-05,Fri,August,Aug,8,3,2022
20220806,2022-08-06,Sat,August,Aug,8,3,2022
20220807,2022-08-07,Sun,August,Aug,8,3,2022
20220808,2022-08-08,Mon,August,Aug,8,3,2022
20220809,2022-08-09,Tue,August,Aug,8,3,2022
20220810,2022-08-10,Wed,August,Aug,8,3,2022
20220811,2022-08-11,Thu,August,Aug,8,3,2022
20220812,2022-08-12,Fri,August,Aug,8,3,2022
20220813,2022-08-13,Sat,August,Aug,8,3,2022
20220814,2022-08-14,Sun,August,Aug,8,3,2022
20220815,2022-08-15,Mon,August,Aug,8,3,2022
20220816,2022-08-16,Tue,August,Aug,8,3,2022
20220817,2022-08-17,Wed,August,Aug,8,3,2022
20220818,2022-08-18,Thu,August,Aug,8,3,2022
20220819,2022-08-19,Fri,August,Aug,8,3,2022
20220820,2022-08-20,Sat,August,Aug,8,3,2022
20220821,2022-08-21,Sun,August,Aug,8,3,2022
20220822,2022-08-22,Mon,August,Aug,8,3,2022
20220823,2022-08-23,Tue,August,Aug,8,3,2022
20220824,2022-08-24,Wed,August,Aug,8,3,2022
20220825,2022-08-25,Thu,August,Aug,8,3,2022
20220826,2022-08-26,Fri,August,Aug,8,3,2022
20220827,2022-08-27,Sat,August,Aug,8,3,2022
20220828,2022-08-28,Sun,August,Aug,8,3,2022
20220829,2022-08-29,Mon,August,Aug,8,3,2022
20220830,2022-08-30,Tue,August,Aug,8,3,2022
20220831,2022-08-31,Wed,August,Aug,8,3,2022
20220901,2022-09-01,Thu,September,Sep,9,3,2022
20220902,2022-09-02,Fri,September,Sep,9,3,2022
20220903,2022-09-03,Sat,September,Sep,9,3,2022
20220904,2022-09-04,Sun,September,Sep,9,3,2022
20220905,2022-09-05,Mon,September,Sep,9,3,2022
20220906,2022-09-06,Tue,September,Sep,9,3,2022
20220907,2022-09-07,Wed,September,Sep,9,3,2022
20220908,2022-09-08,Thu,September,Sep,9,3,2022
20220909,2022-09-09,Fri,September,Sep,9,3,2022
20220910,2022-09-10,Sat,September,Sep,9,3,2022
20220911,2022-09-11,Sun,September,Sep,9,3,2022
20220912,2022-09-12,Mon,September,Sep,9,3,2022
20220913,2022-09-13,Tue,September,Sep,9,3,2022
20220914,2022-09-14,Wed,September,Sep,9,3,2022
20220915,2022-09-15,Thu,September,Sep,9,3,2022
20220916,2022-09-16,Fri,September,Sep,9,3,2022
20220917,2022-09-17,Sat,September,Sep,9,3,2022
20220918,2022-09-18,Sun,September,Sep,9,3,2022
20220919,2022-09-19,Mon,September,Sep,9,3,2022
20220920,2022-09-20,Tue,September,Sep,9,3,2022
20220921,2022-09-21,Wed,September,Sep,9,3,2022
20220922,2022-09-22,Thu,September,Sep,9,3,2022
20220923,2022-09-23,Fri,September,Sep,9,3,2022
20220924,2022-09-24,Sat,September,Sep,9,3,2022
20220925,2022-09-25,Sun,September,Sep,9,3,2022
20220926,2022-09-26,Mon,September,Sep,9,3,2022
20220927,2022-09-27,Tue,September,Sep,9,3,2022
20220928,2022-09-28,Wed,September,Sep,9,3,2022
20220929,2022-09-29,Thu,September,Sep,9,3,2022
20220930,2022-09-30,Fri,September,Sep,9,3,2022
20221001,2022-10-01,Sat,October,Oct,10,4,2022
20221002,2022-10-02,Sun,October,Oct,10,4,2022
20221003,2022-10-03,Mon,October,Oct,10,4,2022
20221004,2022-10-04,Tue,October,Oct,10,4,2022
20221005,2022-10-05,Wed,October,Oct,10,4,2022
20221006,2022-10-06,Thu,October,Oct,10,4,2022
20221007,2022-10-07,Fri,October,Oct,10,4,2022
20221008,2022-10-08,Sat,October,Oct,10,4,2022
20221009,2022-10-09,Sun,October,Oct,10,4,2022
20221010,2022-10-10,Mon,October,Oct,10,4,2022
20221011,2022-10-11,Tue,October,Oct,10,4,2022
20221012,2022-10-12,Wed,October,Oct,10,4,2022
20221013,2022-10-13,Thu,October,Oct,10,4,2022
20221014,2022-10-14,Fri,October,Oct,10,4,2022
20221015,2022-10-15,Sat,October,Oct,10,4,2022
20221016,2022-10-16,Sun,October,Oct,10,4,2022
20221017,2022-10-17,Mon,October,Oct,10,4,2022
20221018,2022-10-18,Tue,October,Oct,10,4,2022
20221019,2022-10-19,Wed,October,Oct,10,4,2022
20221020,2022-10-20,Thu,October,Oct,10,4,2022
20221021,2022-10-21,Fri,October,Oct,10,4,2022
20221022,2022-10-22,Sat,October,Oct,10,4,2022
20221023,2022-10-23,Sun,October,Oct,10,4,2022
20221024,2022-10-24,Mon,October,Oct,10,4,2022
20221025,2022-10-25,Tue,October,Oct,10,4,2022
20221026,2022-10-26,Wed,October,Oct,10,4,2022
20221027,2022-10-27,Thu,October,Oct,10,4,2022
20221028,2022-10-28,Fri,October,Oct,10,4,2022
20221029,2022-10-29,Sat,October,Oct,10,4,2022
20221030,2022-10-30,Sun,October,Oct,10,4,2022
20221031,2022-10-31,Mon,October,Oct,10,4,2022
20221101,2022-11-01,Tue,November,Nov,11,4,2022
20221102,2022-11-02,Wed,November,Nov,11,4,2022
20221103,2022-11-03,Thu,November,Nov,11,4,2022
20221104,2022-11-04,Fri,November,Nov,11,4,2022
20221105,2022-11-05,Sat,November,Nov,11,4,2022
20221106,2022-11-06,Sun,November,Nov,11,4,2022
20221107,2022-11-07,Mon,November,Nov,11,4,2022
20221108,2022-11-08,Tue,November,Nov,11,4,2022
20221109,2022-11-09,Wed,November,Nov,11,4,2022
20221110,2022-11-10,Thu,November,Nov,11,4,2022
20221111,2022-11-11,Fri,November,Nov,11,4,2022
20221112,2022-11-12,Sat,November,Nov,11,4,2022
20221113,2022-11-13,Sun,November,Nov,11,4,2022
20221114,2022-11-14,Mon,November,Nov,11,4,2022
20221115,2022-11-15,Tue,November,Nov,11,4,2022
20221116,2022-11-16,Wed,November,Nov,11,4,2022
20221117,2022-11-17,Thu,November,Nov,11,4,2022
20221118,2022-11-18,Fri,November,Nov,11,4,2022
20221119,2022-11-19,Sat,November,Nov,11,4,2022
20221120,2022-11-20,Sun,November,Nov,11,4,2022
20221121,2022-11-21,Mon,November,Nov,11,4,2022
20221122,2022-11-22,Tue,November,Nov,11,4,2022
20221123,2022-11-23,Wed,November,Nov,11,4,2022
20221124,2022-11-24,Thu,November,Nov,11,4,2022
20221125,2022-11-25,Fri,November,Nov,11,4,2022
20221126,2022-11-26,Sat,November,Nov,11,4,2022
20221127,2022-11-27,Sun,November,Nov,11,4,2022
20221128,2022-11-28,Mon,November,Nov,11,4,2022
20221129,2022-11-29,Tue,November,Nov,11,4,2022
20221130,2022-11-30,Wed,November,Nov,11,4,2022
20221201,2022-12-01,Thu,December,Dec,12,4,2022
20221202,2022-12-02,Fri,December,Dec,12,4,2022
20221203,2022-12-03,Sat,December,Dec,12,4,2022
20221204,2022-12-04,Sun,December,Dec,12,4,2022
20221205,2022-12-05,Mon,December,Dec,12,4,2022
20221206,2022-12-06,Tue,December,Dec,12,4,2022
20221207,2022-12-07,Wed,December,Dec,12,4,2022
20221208,2022-12-08,Thu,December,Dec,12,4,2022
20221209,2022-12-09,Fri,December,Dec,12,4,2022
20221210,2022-12-10,Sat,December,Dec,12,4,2022
20221211,2022-12-11,Sun,December,Dec,12,4,2022
20221212,2022-12-12,Mon,December,Dec,12,4,2022
20221213,2022-12-13,Tue,December,Dec,12,4,2022
20221214,2022-12-14,Wed,December,Dec,12,4,2022
20221215,2022-12-15,Thu,December,Dec,12,4,2022
20221216,2022-12-16,Fri,December,Dec,12,4,2022
20221217,2022-12-17,Sat,December,Dec,12,4,2022
20221218,2022-12-18,Sun,December,Dec,12,4,2022
20221219,2022-12-19,Mon,December,Dec,12,4,2022
20221220,2022-12-20,Tue,December,Dec,12,4,2022
20221221,2022-12-21,Wed,December,Dec,12,4,2022
20221222,2022-12-22,Thu,December,Dec,12,4,2022
20221223,2022-12-23,Fri,December,Dec,12,4,2022
20221224,2022-12-24,Sat,December,Dec,12,4,2022
20221225,2022-12-25,Sun,December,Dec,12,4,2022
20221226,2022-12-26,Mon,December,Dec,12,4,2022
20221227,2022-12-27,Tue,December,Dec,12,4,2022
20221228,2022-12-28,Wed,December,Dec,12,4,2022
20221229,2022-12-29,Thu,December,Dec,12,4,2022
20221230,2022-12-30,Fri,December,Dec,12,4,2022
20221231,2022-12-31,Sat,December,Dec,12,4,2022
